{
    "section1": {
        "files": [
            {
                "url": [
                    "assets/sounds/background-music.mp3"
                ],
                "type": "audio",
                "key": "background-music"
            },
            {
                "url": [
                    "assets/sounds/ballCollision-sound.mp3"
                ],
                "type": "audio",
                "key": "ballCollision-sound"
            },
            {
                "url": [
                    "assets/sounds/ballPassFromRing-sound.mp3"
                ],
                "type": "audio",
                "key": "ballPassFromRing-sound"
            },
            {
                "url": "assets/images/best-text.png",
                "type": "image",
                "key": "best-text"
            },
            {
                "url": [
                    "assets/sounds/click-sound.mp3"
                ],
                "type": "audio",
                "key": "click-sound"
            },
            {
                "url": "assets/images/first-click.png",
                "type": "image",
                "key": "first-click"
            },
            {
                "url": "src/scripts/GameManager.js",
                "type": "script",
                "key": "GameManager"
            },
            {
                "url": [
                    "assets/sounds/gameOver-sound.mp3"
                ],
                "type": "audio",
                "key": "gameOver-sound"
            },
            {
                "url": "assets/images/grey-lower.png",
                "type": "image",
                "key": "grey-lower"
            },
            {
                "url": "assets/images/grey-upper.png",
                "type": "image",
                "key": "grey-upper"
            },
            {
                "url": "src/scenes/Home.js",
                "type": "sceneFile",
                "key": "Home"
            },
            {
                "url": "assets/images/home-button.png",
                "type": "image",
                "key": "home-button"
            },
            {
                "url": "src/scripts/InputManager.js",
                "type": "script",
                "key": "InputManager"
            },
            {
                "url": "assets/images/lowerRing.png",
                "type": "image",
                "key": "lowerRing"
            },
            {
                "url": "assets/images/pause-button.png",
                "type": "image",
                "key": "pause-button"
            },
            {
                "url": "assets/images/play-button.png",
                "type": "image",
                "key": "play-button"
            },
            {
                "url": "assets/images/replay-button.png",
                "type": "image",
                "key": "replay-button"
            },
            {
                "url": "src/scenes/Result.js",
                "type": "sceneFile",
                "key": "Result"
            },
            {
                "url": "assets/images/score-bar.png",
                "type": "image",
                "key": "score-bar"
            },
            {
                "url": "assets/images/score-board.png",
                "type": "image",
                "key": "score-board"
            },
            {
                "url": "assets/images/score-text.png",
                "type": "image",
                "key": "score-text"
            },
            {
                "url": "assets/images/second-click.png",
                "type": "image",
                "key": "second-click"
            },
            {
                "url": "src/scripts/SocketManager.js",
                "type": "script",
                "key": "SocketManager"
            },
            {
                "url": "src/scripts/SoundManager.js",
                "type": "script",
                "key": "SoundManager"
            },
            {
                "url": "assets/images/start-button.png",
                "type": "image",
                "key": "start-button"
            },
            {
                "url": "src/scripts/TweenManager.js",
                "type": "script",
                "key": "TweenManager"
            },
            {
                "url": "assets/images/upperRing.png",
                "type": "image",
                "key": "upperRing"
            }
        ]
    },
    "meta": {
        "app": "Phaser Editor 2D - Asset Pack Editor",
        "contentType": "phasereditor2d.pack.core.AssetContentType",
        "url": "https://phasereditor2d.com",
        "version": 2,
        "showAllFilesInBlocks": false
    }
}