{
    "section1": {
        "files": [
            {
                "url": "assets/images/background.png",
                "type": "image",
                "key": "background"
            },
            {
                "url": "assets/images/ball.png",
                "type": "image",
                "key": "ball"
            },
            {
                "url": "assets/images/inner-bar.png",
                "type": "image",
                "key": "inner-bar"
            },
            {
                "url": "assets/images/loading.png",
                "type": "image",
                "key": "loading"
            },
            {
                "url": "assets/images/logo.png",
                "type": "image",
                "key": "logo"
            },
            {
                "url": "assets/images/logo-1.png",
                "type": "image",
                "key": "logo-1"
            },
            {
                "url": "assets/images/logo-ring.png",
                "type": "image",
                "key": "logo-ring"
            },
            {
                "url": "assets/images/logo-ring2.png",
                "type": "image",
                "key": "logo-ring2"
            },
            {
                "url": "src/prefabs/LogoPrefab.js",
                "type": "script",
                "key": "LogoPrefab"
            },
            {
                "url": "assets/images/shadow.png",
                "type": "image",
                "key": "shadow"
            },
            {
                "url": "assets/images/swing-img.png",
                "type": "image",
                "key": "swing-img"
            }
        ]
    },
    "meta": {
        "app": "Phaser Editor 2D - Asset Pack Editor",
        "contentType": "phasereditor2d.pack.core.AssetContentType",
        "url": "https://phasereditor2d.com",
        "version": 2,
        "showAllFilesInBlocks": false
    }
}